<?xml version="1.0"?>
<ProcessConfiguration xmlns:xsd="http://www.w3.org/2001/XMLSchema" xmlns:xsi="http://www.w3.org/2001/XMLSchema-instance" xml:space="preserve">
  <Id>f809fb32-ba1d-49b8-8c18-648c3bbba8c9</Id>
  <DisplayName>Provision Stack VMs</DisplayName>
  <VersionNumber>-1</VersionNumber>
  <CreatedTime>2016-02-15T20:45:05.64525Z</CreatedTime>
  <ModifiedTime>2016-05-25T10:51:09.2246093Z</ModifiedTime>
  <Version>4.3.1.9733</Version>
  <TargetLoadBalancer xsi:type="RequireOverrideLoadBalancer" />
  <AuditStarts>true</AuditStarts>
  <AuditSuccesses>true</AuditSuccesses>
  <WorkflowId>effe0888-2278-44bb-8601-4ffa488b3464</WorkflowId>
  <CategoryIds>
    <guid>fddc219e-dbb7-42cc-9d92-f892e517fb80</guid>
  </CategoryIds>
  <TriggerOwner>74d6de41-8d7c-42dd-b0df-37578a8885eb</TriggerOwner>
  <Triggers>
    <TriggerDefinition>
      <Event xsi:type="AdHocEventDefinition">
        <Id>8a0389ec-e5db-4f86-a573-742a2c004012</Id>
        <DisplayName>Started by User</DisplayName>
        <Imported>true</Imported>
        <Identities />
      </Event>
      <Condition xsi:type="RootConditionDefinition">
        <Id>29dc8772-292a-459f-b9d2-729a71a503a6</Id>
        <Conditions />
      </Condition>
      <TriggerId>6794eb1e-9f24-40b9-af2f-ba9c15576225</TriggerId>
    </TriggerDefinition>
    <TriggerDefinition>
      <Event xsi:type="StartProcessEventDefinition">
        <Id>41b7f3a3-452f-4c0e-8a91-f5e8df63812b</Id>
        <DisplayName>Started by Parent Process</DisplayName>
        <Imported>true</Imported>
        <ProcessIds />
      </Event>
      <Condition xsi:type="RootConditionDefinition">
        <Id>37688706-9688-477a-a16c-0ddac7c155ae</Id>
        <Conditions />
      </Condition>
      <TriggerId>29468fbc-6599-4f91-acce-a3e94c79f3b8</TriggerId>
    </TriggerDefinition>
    <TriggerDefinition>
      <Event xsi:type="NorthboundEventDefinition">
        <Id>0a3675e1-940f-401c-a785-b2ab18288f08</Id>
        <DisplayName>Started by Web Service</DisplayName>
        <Imported>true</Imported>
        <NorthboundName>ProvisionStackVMs</NorthboundName>
      </Event>
      <Condition xsi:type="RootConditionDefinition">
        <Id>cb0220a2-4f34-4d32-a878-5265a4ab06bd</Id>
        <Conditions />
      </Condition>
      <TriggerId>e2ad7c86-1804-4033-8832-ebdbad99ebca</TriggerId>
    </TriggerDefinition>
    <TriggerDefinition>
      <Event xsi:type="NorthboundEventDefinition">
        <Id>6fbd0c62-2233-4203-a077-e687cd14a3af</Id>
        <DisplayName>Started by Web Service</DisplayName>
        <Imported>true</Imported>
      </Event>
      <Condition xsi:type="RootConditionDefinition">
        <Id>feb45ff9-95aa-4c9a-bd1b-3d2c6a7fac77</Id>
        <Conditions />
      </Condition>
      <TriggerId>45aa955c-8882-4cb9-91ad-9e18f75fc796</TriggerId>
    </TriggerDefinition>
    <TriggerDefinition>
      <Event xsi:type="NorthboundEventDefinition">
        <Id>fcb2e105-4512-440b-af4e-10c085ffacc3</Id>
        <DisplayName>Started by Web Service</DisplayName>
      </Event>
      <Condition xsi:type="RootConditionDefinition">
        <Id>df1fae1b-69b2-4268-9c25-a3ca252a4ca6</Id>
        <Conditions />
      </Condition>
      <TriggerId>e088eac3-46a9-42a5-bd2b-d09307394e92</TriggerId>
    </TriggerDefinition>
  </Triggers>
  <VariableDefinitions>
    <VariableConfiguration xsi:type="StringVariableConfiguration" xml:space="preserve">
      <Id>44ac2148-c0a2-427a-815d-ae28a57b5e80</Id>
      <DisplayName>Request XML</DisplayName>
      <ModifiedTime>2014-02-01T02:48:29.4493124Z</ModifiedTime>
      <string />
      <Scope>
        <Family>ProcessInstanceLocal</Family>
        <ControllingItemId>f809fb32-ba1d-49b8-8c18-648c3bbba8c9</ControllingItemId>
      </Scope>
      <Multiline>true</Multiline>
    </VariableConfiguration>
    <VariableConfiguration xsi:type="StringVariableConfiguration" xml:space="preserve">
      <Id>432a635a-6810-43ca-907b-16f0577d2566</Id>
      <DisplayName>Provision Operation Queue Name Prefix</DisplayName>
      <string>Provision Stack Single VM - </string>
      <Scope>
        <Family>ProcessInstanceLocal</Family>
        <ControllingItemId>f809fb32-ba1d-49b8-8c18-648c3bbba8c9</ControllingItemId>
      </Scope>
    </VariableConfiguration>
    <VariableConfiguration xsi:type="BooleanVariableConfiguration" xml:space="preserve">
      <Id>3889bc1c-7017-45f5-a2c5-216862ce0f01</Id>
      <DisplayName>Any Failed</DisplayName>
      <boolean>false</boolean>
      <Scope>
        <Family>ProcessInstanceLocal</Family>
        <ControllingItemId>f809fb32-ba1d-49b8-8c18-648c3bbba8c9</ControllingItemId>
      </Scope>
    </VariableConfiguration>
    <VariableConfiguration xsi:type="StringVariableConfiguration" xml:space="preserve">
      <Id>74c2fde4-ce48-492a-98e0-4f2991b1cf3c</Id>
      <DisplayName>OS Type</DisplayName>
      <string />
      <Scope>
        <Family>ProcessInstanceLocal</Family>
        <ControllingItemId>f809fb32-ba1d-49b8-8c18-648c3bbba8c9</ControllingItemId>
      </Scope>
    </VariableConfiguration>
    <VariableConfiguration xsi:type="StringVariableConfiguration" xml:space="preserve">
      <Id>4947eae9-93a3-4a76-8ccd-0d15f629d701</Id>
      <DisplayName>Error List</DisplayName>
      <string />
      <Scope>
        <Family>ProcessInstanceLocal</Family>
        <ControllingItemId>f809fb32-ba1d-49b8-8c18-648c3bbba8c9</ControllingItemId>
      </Scope>
      <Multiline>true</Multiline>
    </VariableConfiguration>
    <VariableConfiguration xsi:type="NumberVariableConfiguration" xml:space="preserve">
      <Id>48c6a4cb-0b84-4476-857f-d9168af235b1</Id>
      <DisplayName>Sequence</DisplayName>
      <double>1</double>
      <Scope>
        <Family>ProcessInstanceLocal</Family>
        <ControllingItemId>f809fb32-ba1d-49b8-8c18-648c3bbba8c9</ControllingItemId>
      </Scope>
    </VariableConfiguration>
    <VariableConfiguration xsi:type="StringVariableConfiguration" xml:space="preserve">
      <Id>c1e9278d-678d-4221-9d7e-7aa543dd911d</Id>
      <DisplayName>Mgmt Network</DisplayName>
      <string />
      <Scope>
        <Family>ProcessInstanceLocal</Family>
        <ControllingItemId>f809fb32-ba1d-49b8-8c18-648c3bbba8c9</ControllingItemId>
      </Scope>
    </VariableConfiguration>
    <VariableConfiguration xsi:type="StringVariableConfiguration" xml:space="preserve">
      <Id>62aec0bc-5e61-4df6-9242-813f491e0640</Id>
      <DisplayName>CM XML</DisplayName>
      <ModifiedTime>2013-09-08T17:13:06.3131227Z</ModifiedTime>
      <string />
      <Scope>
        <Family>ProcessInstanceLocal</Family>
        <ControllingItemId>f809fb32-ba1d-49b8-8c18-648c3bbba8c9</ControllingItemId>
      </Scope>
    </VariableConfiguration>
    <VariableConfiguration xsi:type="TableVariableConfiguration" xml:space="preserve">
      <Id>71d60c0f-093c-41f5-a70d-77aef816231e</Id>
      <DisplayName>VM Templates</DisplayName>
      <ModifiedTime>2014-05-29T14:35:52.4716104Z</ModifiedTime>
      <FixedSchemaDataTable>
        <FixedSchema>
          <Columns>
            <TableSchemaColumn>
              <Name>TemplateName</Name>
              <DataType>System.String</DataType>
            </TableSchemaColumn>
            <TableSchemaColumn>
              <Name>TemplateFullPath</Name>
              <DataType>System.String</DataType>
            </TableSchemaColumn>
            <TableSchemaColumn>
              <Name>GuestOperatingSystem</Name>
              <DataType>System.String</DataType>
            </TableSchemaColumn>
            <TableSchemaColumn>
              <Name>GuestOperatingSystemFamily</Name>
              <DataType>System.String</DataType>
            </TableSchemaColumn>
            <TableSchemaColumn>
              <Name>DisplayName</Name>
              <DataType>System.String</DataType>
            </TableSchemaColumn>
            <TableSchemaColumn>
              <Name>Name</Name>
              <DataType>System.String</DataType>
            </TableSchemaColumn>
            <TableSchemaColumn>
              <Name>AppCode</Name>
              <DataType>System.String</DataType>
            </TableSchemaColumn>
          </Columns>
        </FixedSchema>
      </FixedSchemaDataTable>
      <Scope>
        <Family>ProcessInstanceLocal</Family>
        <ControllingItemId>f809fb32-ba1d-49b8-8c18-648c3bbba8c9</ControllingItemId>
      </Scope>
    </VariableConfiguration>
    <VariableConfiguration xsi:type="StringVariableConfiguration" xml:space="preserve">
      <Id>7b17b754-0c6b-4aca-94f0-483e4e0e68cc</Id>
      <DisplayName>DatastoreCluster</DisplayName>
      <string />
      <Scope>
        <Family>ProcessInstanceLocal</Family>
        <ControllingItemId>f809fb32-ba1d-49b8-8c18-648c3bbba8c9</ControllingItemId>
      </Scope>
    </VariableConfiguration>
    <VariableConfiguration xsi:type="StringVariableConfiguration" xml:space="preserve">
      <Id>9948a15a-d6d5-4ea1-b23e-fe04770d9e65</Id>
      <DisplayName>DataStorePath</DisplayName>
      <string />
      <Scope>
        <Family>ProcessInstanceLocal</Family>
        <ControllingItemId>f809fb32-ba1d-49b8-8c18-648c3bbba8c9</ControllingItemId>
      </Scope>
    </VariableConfiguration>
    <VariableConfiguration xsi:type="StringVariableConfiguration" xml:space="preserve">
      <Id>fd7fb93c-7278-47fe-a885-a47c327b308a</Id>
      <DisplayName>ResourcePoolPath</DisplayName>
      <string />
      <Scope>
        <Family>ProcessInstanceLocal</Family>
        <ControllingItemId>f809fb32-ba1d-49b8-8c18-648c3bbba8c9</ControllingItemId>
      </Scope>
    </VariableConfiguration>
    <VariableConfiguration xsi:type="StringVariableConfiguration" xml:space="preserve">
      <Id>3e2062a2-c28f-45b9-8940-bef50502906d</Id>
      <DisplayName>AppCode</DisplayName>
      <string />
      <Scope>
        <Family>ProcessInstanceLocal</Family>
        <ControllingItemId>f809fb32-ba1d-49b8-8c18-648c3bbba8c9</ControllingItemId>
      </Scope>
    </VariableConfiguration>
    <VariableConfiguration xsi:type="StringVariableConfiguration" xml:space="preserve">
      <Id>f353f840-6bd2-49ee-ae56-b40d48542146</Id>
      <DisplayName>Stack Container</DisplayName>
      <string />
      <Scope>
        <Family>ProcessInstanceLocal</Family>
        <ControllingItemId>f809fb32-ba1d-49b8-8c18-648c3bbba8c9</ControllingItemId>
      </Scope>
    </VariableConfiguration>
    <VariableConfiguration xsi:type="TableVariableConfiguration" xml:space="preserve">
      <Id>ecbdd4dd-7565-4d99-9409-85f8977e4c16</Id>
      <DisplayName>vCloud VMs</DisplayName>
      <ModifiedTime>2013-10-11T00:35:56.6359006Z</ModifiedTime>
      <FixedSchemaDataTable>
        <FixedSchema>
          <Columns>
            <TableSchemaColumn>
              <Name>NAME</Name>
              <DataType>System.String</DataType>
            </TableSchemaColumn>
            <TableSchemaColumn>
              <Name>HREF</Name>
              <DataType>System.String</DataType>
            </TableSchemaColumn>
            <TableSchemaColumn>
              <Name>TEMPLATE</Name>
              <DataType>System.String</DataType>
            </TableSchemaColumn>
            <TableSchemaColumn>
              <Name>SEQUENCE</Name>
              <DataType>System.String</DataType>
            </TableSchemaColumn>
            <TableSchemaColumn>
              <Name>VMHREF</Name>
              <DataType>System.String</DataType>
            </TableSchemaColumn>
          </Columns>
        </FixedSchema>
      </FixedSchemaDataTable>
      <Scope>
        <Family>ProcessInstanceLocal</Family>
        <ControllingItemId>f809fb32-ba1d-49b8-8c18-648c3bbba8c9</ControllingItemId>
      </Scope>
    </VariableConfiguration>
    <VariableConfiguration xsi:type="StringVariableConfiguration" xml:space="preserve">
      <Id>c727e2e2-b59a-4c82-8320-02f87ef773b9</Id>
      <DisplayName>vCloud Org VDC</DisplayName>
      <string />
      <Scope>
        <Family>ProcessInstanceLocal</Family>
        <ControllingItemId>f809fb32-ba1d-49b8-8c18-648c3bbba8c9</ControllingItemId>
      </Scope>
    </VariableConfiguration>
    <VariableConfiguration xsi:type="StringVariableConfiguration" xml:space="preserve">
      <Id>66f50d53-fbb8-4eb4-8900-6e52c0fdbb48</Id>
      <DisplayName>AdminPW</DisplayName>
      <string />
      <Scope>
        <Family>ProcessInstanceLocal</Family>
        <ControllingItemId>f809fb32-ba1d-49b8-8c18-648c3bbba8c9</ControllingItemId>
      </Scope>
    </VariableConfiguration>
    <VariableConfiguration xsi:type="NumberVariableConfiguration" xml:space="preserve">
      <Id>a34de29f-92a7-4e75-8018-aa36db0fd8da</Id>
      <DisplayName>vRAMGB</DisplayName>
      <double>0</double>
      <Scope>
        <Family>ProcessInstanceLocal</Family>
        <ControllingItemId>f809fb32-ba1d-49b8-8c18-648c3bbba8c9</ControllingItemId>
      </Scope>
    </VariableConfiguration>
    <VariableConfiguration xsi:type="StringVariableConfiguration" xml:space="preserve">
      <Id>918e6c32-842f-4c19-a0a4-aa0369c9dd0b</Id>
      <DisplayName>LastOne</DisplayName>
      <string />
      <Scope>
        <Family>ProcessInstanceLocal</Family>
        <ControllingItemId>f809fb32-ba1d-49b8-8c18-648c3bbba8c9</ControllingItemId>
      </Scope>
    </VariableConfiguration>
    <VariableConfiguration xsi:type="NumberVariableConfiguration" xml:space="preserve">
      <Id>6f97986f-8d9c-4184-8682-abbc340c264c</Id>
      <DisplayName>Quantity Counter</DisplayName>
      <double>1</double>
      <Scope>
        <Family>ProcessInstanceLocal</Family>
        <ControllingItemId>f809fb32-ba1d-49b8-8c18-648c3bbba8c9</ControllingItemId>
      </Scope>
    </VariableConfiguration>
    <VariableConfiguration xsi:type="StringVariableConfiguration" xml:space="preserve">
      <Id>3e77166f-f36d-4690-bbbc-7fff58ebdd9a</Id>
      <DisplayName>DataStoreID</DisplayName>
      <string />
      <Scope>
        <Family>ProcessInstanceLocal</Family>
        <ControllingItemId>f809fb32-ba1d-49b8-8c18-648c3bbba8c9</ControllingItemId>
      </Scope>
    </VariableConfiguration>
    <VariableConfiguration xsi:type="StringVariableConfiguration" xml:space="preserve">
      <Id>23225cb8-d366-4242-a12f-0e887870c52f</Id>
      <DisplayName>Mgmt Network Friendly Name</DisplayName>
      <string />
      <Scope>
        <Family>ProcessInstanceLocal</Family>
        <ControllingItemId>f809fb32-ba1d-49b8-8c18-648c3bbba8c9</ControllingItemId>
      </Scope>
    </VariableConfiguration>
    <VariableConfiguration xsi:type="StringVariableConfiguration" xml:space="preserve">
      <Id>33203963-be74-45af-b93a-ac1c116bbeb9</Id>
      <DisplayName>SecurityGroupID</DisplayName>
      <ModifiedTime>2014-02-09T14:42:00.9739792Z</ModifiedTime>
      <string />
      <Scope>
        <Family>ProcessInstanceLocal</Family>
        <ControllingItemId>f809fb32-ba1d-49b8-8c18-648c3bbba8c9</ControllingItemId>
      </Scope>
    </VariableConfiguration>
    <VariableConfiguration xsi:type="StringVariableConfiguration" xml:space="preserve">
      <Id>0740fc15-b8d3-471f-ae98-45d466801ac4</Id>
      <DisplayName>Security GroupName</DisplayName>
      <ModifiedTime>2014-02-10T20:53:04.1820362Z</ModifiedTime>
      <string />
      <Scope>
        <Family>ProcessInstanceLocal</Family>
        <ControllingItemId>f809fb32-ba1d-49b8-8c18-648c3bbba8c9</ControllingItemId>
      </Scope>
    </VariableConfiguration>
    <VariableConfiguration xsi:type="NumberVariableConfiguration" xml:space="preserve">
      <Id>c871a98e-0c5f-48ed-9896-3bf68f461b60</Id>
      <DisplayName>First Config Phase Int</DisplayName>
      <ModifiedTime>2014-05-29T19:08:05.3702385Z</ModifiedTime>
      <double>9999</double>
      <Scope>
        <Family>ProcessInstanceLocal</Family>
        <ControllingItemId>f809fb32-ba1d-49b8-8c18-648c3bbba8c9</ControllingItemId>
      </Scope>
    </VariableConfiguration>
    <VariableConfiguration xsi:type="StringVariableConfiguration" xml:space="preserve">
      <Id>017ba288-3631-4240-8043-aecd535f41e9</Id>
      <DisplayName>First Config Sequence</DisplayName>
      <ModifiedTime>2014-05-29T18:56:51.0565752Z</ModifiedTime>
      <string>9999</string>
      <Scope>
        <Family>ProcessInstanceLocal</Family>
        <ControllingItemId>f809fb32-ba1d-49b8-8c18-648c3bbba8c9</ControllingItemId>
      </Scope>
    </VariableConfiguration>
    <VariableConfiguration xsi:type="StringVariableConfiguration" xml:space="preserve">
      <Id>14301ef0-a412-4b0a-81af-157cf7ae938b</Id>
      <DisplayName>DatacenterUniqueID</DisplayName>
      <string />
      <Scope>
        <Family>ProcessInstanceLocal</Family>
        <ControllingItemId>f809fb32-ba1d-49b8-8c18-648c3bbba8c9</ControllingItemId>
      </Scope>
    </VariableConfiguration>
    <VariableConfiguration xsi:type="StringVariableConfiguration" xml:space="preserve">
      <Id>e32bf0e5-61d8-4c64-9127-a66571a3e992</Id>
      <DisplayName>VDCComputeResourceType</DisplayName>
      <string />
      <Scope>
        <Family>ProcessInstanceLocal</Family>
        <ControllingItemId>f809fb32-ba1d-49b8-8c18-648c3bbba8c9</ControllingItemId>
      </Scope>
    </VariableConfiguration>
    <VariableConfiguration xsi:type="StringVariableConfiguration" xml:space="preserve">
      <Id>c34fca1f-eadf-4dae-b33e-5d4ea59d3188</Id>
      <DisplayName>VMType</DisplayName>
      <string />
      <Scope>
        <Family>ProcessInstanceLocal</Family>
        <ControllingItemId>f809fb32-ba1d-49b8-8c18-648c3bbba8c9</ControllingItemId>
      </Scope>
    </VariableConfiguration>
    <VariableConfiguration xsi:type="StringVariableConfiguration" xml:space="preserve">
      <Id>3b8abe20-3226-438b-ac0d-46339ecd8792</Id>
      <DisplayName>VMDetails</DisplayName>
      <ModifiedTime>2016-01-15T16:12:42.9984817Z</ModifiedTime>
      <string>&lt;table&gt;</string>
      <Scope>
        <Family>ProcessInstanceLocal</Family>
        <ControllingItemId>f809fb32-ba1d-49b8-8c18-648c3bbba8c9</ControllingItemId>
      </Scope>
    </VariableConfiguration>
  </VariableDefinitions>
  <Notes />
  <GeneralHelp xsi:type="CustomHelpAlias">
    <Alias />
  </GeneralHelp>
  <GeneralInstanceHelp xsi:type="CustomHelpAlias">
    <Alias />
  </GeneralInstanceHelp>
  <InputHelp xsi:type="CustomHelpAlias">
    <Alias />
  </InputHelp>
  <InputInstanceHelp xsi:type="CustomHelpAlias">
    <Alias />
  </InputInstanceHelp>
  <OutputHelp xsi:type="CustomHelpAlias">
    <Alias />
  </OutputHelp>
  <ValidTargetTypeNames>
    <string>Tidal.Automation.BuiltinAdapter.Common.ServiceTargetConfiguration, Tidal.Automation.BuiltinAdapter.Common</string>
  </ValidTargetTypeNames>
  <ValidTargetTypeExtensionIds>
    <guid>c5470218-a0c7-4462-b512-8382f18051f8</guid>
    <guid>2144f9f9-e556-424e-bb95-709d41dcc237</guid>
  </ValidTargetTypeExtensionIds>
  <ValidRuntimeUserTypeNames>
    <string>Tidal.Automation.Ssh.Common.PublicKeyAdminUserConfiguration, Tidal.Automation.Ssh.Common</string>
    <string>Tidal.Automation.Ssh.Common.IOSUserConfiguration, Tidal.Automation.Ssh.Common</string>
    <string>Tidal.Automation.BuiltinAdapter.Common.GenericRuntimeUserConfiguration, Tidal.Automation.BuiltinAdapter.Common</string>
    <string>Tidal.Automation.Snmp.Common.SnmpUserConfiguration, Tidal.Automation.Snmp.Common</string>
    <string>Tidal.Automation.vCloud.Common.Users.vCloudUserConfiguration, Tidal.Automation.vCloud.Common</string>
    <string>Tidal.Automation.Windows.Common.WindowsUserConfiguration, Tidal.Automation.Windows.Common</string>
  </ValidRuntimeUserTypeNames>
</ProcessConfiguration>