<?xml version="1.0"?>
<ProcessConfiguration xmlns:xsd="http://www.w3.org/2001/XMLSchema" xmlns:xsi="http://www.w3.org/2001/XMLSchema-instance" xml:space="preserve">
  <Id>136d149b-68d5-48dd-8a0b-0f57b2687293</Id>
  <DisplayName>Create Virtual Server from Template (UCSD)</DisplayName>
  <Description>Low level process to create a VM from template via UCSD server.</Description>
  <VersionNumber>-1</VersionNumber>
  <CreatedTime>2016-02-15T20:37:02.535875Z</CreatedTime>
  <ModifiedTime>2016-07-12T17:02:16.2209219Z</ModifiedTime>
  <TargetLoadBalancer xsi:type="RequireOverrideLoadBalancer" />
  <AuditStarts>true</AuditStarts>
  <AuditSuccesses>true</AuditSuccesses>
  <WorkflowId>9b827381-48cb-4734-9f91-f4cb5c1d8ddf</WorkflowId>
  <CategoryIds>
    <guid>9b15aaa9-974d-41f6-8e09-3222a20b781a</guid>
  </CategoryIds>
  <TriggerOwner>74d6de41-8d7c-42dd-b0df-37578a8885eb</TriggerOwner>
  <Triggers>
    <TriggerDefinition>
      <Event xsi:type="AdHocEventDefinition">
        <Id>3e5a96c0-8b2f-4902-bbc3-6cb9a4caf3eb</Id>
        <DisplayName>Started by User</DisplayName>
        <Imported>true</Imported>
        <Identities />
      </Event>
      <Condition xsi:type="RootConditionDefinition">
        <Id>869e0d31-fbda-44b8-8a31-77d4107ed20a</Id>
        <Conditions />
      </Condition>
      <TriggerId>ea4004e2-eeb3-4b29-aa78-fbee1398c2e3</TriggerId>
    </TriggerDefinition>
    <TriggerDefinition>
      <Event xsi:type="StartProcessEventDefinition">
        <Id>62b0d7c1-9201-4859-bc08-2c5ada279c33</Id>
        <DisplayName>Started by Parent Process</DisplayName>
        <Imported>true</Imported>
        <ProcessIds />
      </Event>
      <Condition xsi:type="RootConditionDefinition">
        <Id>f27b9a24-30f8-4cf5-8cc4-a840451e21c7</Id>
        <Conditions />
      </Condition>
      <TriggerId>80f2999c-1969-4858-a0e2-1ccb48ee8547</TriggerId>
    </TriggerDefinition>
    <TriggerDefinition>
      <Event xsi:type="NorthboundEventDefinition">
        <Id>23d98015-15ce-405a-813e-ae27f31ab7a7</Id>
        <DisplayName>Started by Web Service</DisplayName>
        <Imported>true</Imported>
      </Event>
      <Condition xsi:type="RootConditionDefinition">
        <Id>10e37738-de59-4f94-bd00-a4af4f835c4d</Id>
        <Conditions />
      </Condition>
      <TriggerId>f55765d4-cd77-44f6-a62e-68c3bc52a7eb</TriggerId>
    </TriggerDefinition>
    <TriggerDefinition>
      <Event xsi:type="NorthboundEventDefinition">
        <Id>6fc3f9ce-c1e9-4279-905b-1e1117b5f0b5</Id>
        <DisplayName>Started by Web Service</DisplayName>
        <Imported>true</Imported>
        <NorthboundName>CreateVirtualServerFromTemplateUCSD</NorthboundName>
      </Event>
      <Condition xsi:type="RootConditionDefinition">
        <Id>5e03d563-f4b2-4d08-b70a-93f915209299</Id>
        <Conditions />
      </Condition>
      <TriggerId>5f72d8d3-00c0-4277-a872-562582715e74</TriggerId>
    </TriggerDefinition>
    <TriggerDefinition>
      <Event xsi:type="NorthboundEventDefinition">
        <Id>20272aab-0aa1-4e00-b5e4-05251fc5b0b1</Id>
        <DisplayName>Started by Web Service</DisplayName>
      </Event>
      <Condition xsi:type="RootConditionDefinition">
        <Id>cc0d822a-acf0-4c1b-8437-7d2ef25120d3</Id>
        <Conditions />
      </Condition>
      <TriggerId>b1f87f2f-5d1a-4b9b-8ee9-27daa3b44dbb</TriggerId>
    </TriggerDefinition>
  </Triggers>
  <VariableDefinitions>
    <VariableConfiguration xsi:type="NumberVariableConfiguration" xml:space="preserve">
      <Id>e40741e6-59e6-4260-8057-db84dc0d3512</Id>
      <DisplayName>Time Counter</DisplayName>
      <ModifiedTime>2013-10-11T21:34:32.2000133Z</ModifiedTime>
      <double>0</double>
      <Scope>
        <Family>ProcessInstanceLocal</Family>
        <ControllingItemId>136d149b-68d5-48dd-8a0b-0f57b2687293</ControllingItemId>
      </Scope>
    </VariableConfiguration>
    <VariableConfiguration xsi:type="StringVariableConfiguration" xml:space="preserve">
      <Id>70b0ba27-a247-4ddd-b51d-5f12cdb1bbba</Id>
      <DisplayName>Status</DisplayName>
      <string>Running</string>
      <Scope>
        <Family>ProcessInstanceLocal</Family>
        <ControllingItemId>136d149b-68d5-48dd-8a0b-0f57b2687293</ControllingItemId>
      </Scope>
    </VariableConfiguration>
    <VariableConfiguration xsi:type="NumberVariableConfiguration" xml:space="preserve">
      <Id>d8d37f4d-02d9-48a6-9d15-88a7af9bba62</Id>
      <DisplayName>RAM_MB</DisplayName>
      <double>0</double>
      <Scope>
        <Family>ProcessInstanceLocal</Family>
        <ControllingItemId>136d149b-68d5-48dd-8a0b-0f57b2687293</ControllingItemId>
      </Scope>
    </VariableConfiguration>
    <VariableConfiguration xsi:type="StringVariableConfiguration" xml:space="preserve">
      <Id>560b0031-d1da-498c-880b-7c19bb9e5c16</Id>
      <DisplayName>Workflow State</DisplayName>
      <ModifiedTime>2013-11-15T17:51:06.4174342Z</ModifiedTime>
      <string>Unknown</string>
      <Scope>
        <Family>ProcessInstanceLocal</Family>
        <ControllingItemId>136d149b-68d5-48dd-8a0b-0f57b2687293</ControllingItemId>
      </Scope>
    </VariableConfiguration>
    <VariableConfiguration xsi:type="StringVariableConfiguration" xml:space="preserve">
      <Id>d8dcc430-1ec0-4cdb-8ff7-971373e183f6</Id>
      <DisplayName>Create Response</DisplayName>
      <string />
      <Scope>
        <Family>ProcessInstanceLocal</Family>
        <ControllingItemId>136d149b-68d5-48dd-8a0b-0f57b2687293</ControllingItemId>
      </Scope>
      <Multiline>true</Multiline>
    </VariableConfiguration>
    <VariableConfiguration xsi:type="StringVariableConfiguration" xml:space="preserve">
      <Id>5dd81fab-4c8d-48b6-81b7-c37e02fe00f2</Id>
      <DisplayName>IpPoolString</DisplayName>
      <ModifiedTime>2016-07-07T14:50:29.3686719Z</ModifiedTime>
      <CustomizationSetting>Yes</CustomizationSetting>
      <string> </string>
      <Scope>
        <Family>ProcessInstanceLocal</Family>
        <ControllingItemId>136d149b-68d5-48dd-8a0b-0f57b2687293</ControllingItemId>
      </Scope>
    </VariableConfiguration>
  </VariableDefinitions>
  <Notes />
  <GeneralHelp xsi:type="CustomHelpAlias">
    <Alias />
  </GeneralHelp>
  <GeneralInstanceHelp xsi:type="CustomHelpAlias">
    <Alias />
  </GeneralInstanceHelp>
  <InputHelp xsi:type="CustomHelpAlias">
    <Alias />
  </InputHelp>
  <InputInstanceHelp xsi:type="CustomHelpAlias">
    <Alias />
  </InputInstanceHelp>
  <OutputHelp xsi:type="CustomHelpAlias">
    <Alias />
  </OutputHelp>
  <ValidTargetTypeNames>
    <string>Tidal.Automation.BuiltinAdapter.Common.ServiceTargetConfiguration, Tidal.Automation.BuiltinAdapter.Common</string>
  </ValidTargetTypeNames>
  <ValidTargetTypeExtensionIds>
    <guid>1815d9a0-0b21-583e-f802-a02e68f4149a</guid>
  </ValidTargetTypeExtensionIds>
  <ValidRuntimeUserTypeNames>
    <string>Tidal.Automation.WebService.Common.ClientCertificateUserConfiguration, Tidal.Automation.WebService.Common</string>
    <string>Tidal.Automation.Ssh.Common.PublicKeyAdminUserConfiguration, Tidal.Automation.Ssh.Common</string>
    <string>Tidal.Automation.Ssh.Common.IOSUserConfiguration, Tidal.Automation.Ssh.Common</string>
    <string>Tidal.Automation.BuiltinAdapter.Common.GenericRuntimeUserConfiguration, Tidal.Automation.BuiltinAdapter.Common</string>
    <string>Tidal.Automation.Snmp.Common.SnmpUserConfiguration, Tidal.Automation.Snmp.Common</string>
    <string>Tidal.Automation.vCloud.Common.Users.vCloudUserConfiguration, Tidal.Automation.vCloud.Common</string>
    <string>Tidal.Automation.Windows.Common.WindowsUserConfiguration, Tidal.Automation.Windows.Common</string>
  </ValidRuntimeUserTypeNames>
</ProcessConfiguration>