<?xml version="1.0"?>
<ProcessConfiguration xmlns:xsd="http://www.w3.org/2001/XMLSchema" xmlns:xsi="http://www.w3.org/2001/XMLSchema-instance" xml:space="preserve">
  <Id>4a183322-d4ba-4562-9bf2-498270d36075</Id>
  <DisplayName>Send Request to Commission Virtual Server from Template</DisplayName>
  <Description>Sends a request to execute Commission Virtual Server from Template.</Description>
  <VersionNumber>-1</VersionNumber>
  <CreatedTime>2016-02-15T20:37:08.504625Z</CreatedTime>
  <ModifiedTime>2016-07-29T19:13:42.6009843Z</ModifiedTime>
  <TargetLoadBalancer xsi:type="SingleTargetReferenceLoadBalancer">
    <SingleTargetReference>
      <FormattedCode />
      <HardcodedValue>
        <Id>b3216113-bb0f-4cb3-b7c2-93b9074ef87b</Id>
        <ObjectType>Target</ObjectType>
      </HardcodedValue>
    </SingleTargetReference>
  </TargetLoadBalancer>
  <AuditStarts>true</AuditStarts>
  <AuditSuccesses>true</AuditSuccesses>
  <WorkflowId>4cf5a923-e4c3-4249-a581-ab63ba99a5f7</WorkflowId>
  <CategoryIds>
    <guid>c8a1b9cb-7259-45fe-9232-237f46189f21</guid>
  </CategoryIds>
  <TriggerOwner>74d6de41-8d7c-42dd-b0df-37578a8885eb</TriggerOwner>
  <Triggers>
    <TriggerDefinition>
      <Event xsi:type="AdHocEventDefinition">
        <Id>448a0623-4160-4b19-ab45-1a1ae8f50019</Id>
        <DisplayName>Started by User</DisplayName>
        <Imported>true</Imported>
        <Identities />
      </Event>
      <Condition xsi:type="RootConditionDefinition">
        <Id>e065ef6a-000f-4e31-aa27-3ddebaadf7ab</Id>
        <Conditions />
      </Condition>
      <TriggerId>23ecf37c-958c-4edc-be3d-32267d340353</TriggerId>
    </TriggerDefinition>
    <TriggerDefinition>
      <Event xsi:type="StartProcessEventDefinition">
        <Id>8588e6b4-577b-40a9-9655-843847da1687</Id>
        <DisplayName>Started by Parent Process</DisplayName>
        <Imported>true</Imported>
        <ProcessIds />
      </Event>
      <Condition xsi:type="RootConditionDefinition">
        <Id>818d72d5-2a09-4cf1-b86e-1e59d092057c</Id>
        <Conditions />
      </Condition>
      <TriggerId>df10cc11-db51-46a0-a33b-01605a09b939</TriggerId>
    </TriggerDefinition>
    <TriggerDefinition>
      <Event xsi:type="NorthboundEventDefinition">
        <Id>af7be8f4-5d92-40cd-a8b8-cb3b7dc35865</Id>
        <DisplayName>Started by Web Service</DisplayName>
        <Imported>true</Imported>
      </Event>
      <Condition xsi:type="RootConditionDefinition">
        <Id>94dbe703-a091-4a27-9cfe-6ff9ba20cf3d</Id>
        <Conditions />
      </Condition>
      <TriggerId>2fab8c57-c9f7-4509-9339-bcd2c762f2f8</TriggerId>
    </TriggerDefinition>
    <TriggerDefinition>
      <Event xsi:type="NorthboundEventDefinition">
        <Id>7ab1cc4d-1cc8-4ae7-8699-d46388682d32</Id>
        <DisplayName>Started by Web Service</DisplayName>
        <Imported>true</Imported>
        <NorthboundName>SendRequestToCommissionVirtualServerFromTemplate</NorthboundName>
      </Event>
      <Condition xsi:type="RootConditionDefinition">
        <Id>21382b11-173e-488e-bbdc-16527c34ef8c</Id>
        <Conditions />
      </Condition>
      <TriggerId>f4f3b06f-928e-4dc4-8ac3-dab0e02c55f6</TriggerId>
    </TriggerDefinition>
    <TriggerDefinition>
      <Event xsi:type="NorthboundEventDefinition">
        <Id>2e9228d4-819f-4865-8541-fb546a35f205</Id>
        <DisplayName>Started by Web Service</DisplayName>
      </Event>
      <Condition xsi:type="RootConditionDefinition">
        <Id>5d96b9a4-31fd-473c-9571-a13deb3c8449</Id>
        <Conditions />
      </Condition>
      <TriggerId>64931f72-5e6e-4f38-a248-c27443bb4ed6</TriggerId>
    </TriggerDefinition>
  </Triggers>
  <VariableDefinitions>
    <VariableConfiguration xsi:type="StringVariableConfiguration" xml:space="preserve">
      <Id>b0cc7c44-1a19-4e7d-8ad9-868f2d6c6491</Id>
      <DisplayName>Service Request XML</DisplayName>
      <ModifiedTime>2014-02-16T05:18:19.1470733Z</ModifiedTime>
      <string />
      <Scope>
        <Family>ProcessInstanceIn</Family>
        <ControllingItemId>4a183322-d4ba-4562-9bf2-498270d36075</ControllingItemId>
      </Scope>
      <ValueRequired>true</ValueRequired>
      <Multiline>true</Multiline>
    </VariableConfiguration>
    <VariableConfiguration xsi:type="NumberVariableConfiguration" xml:space="preserve">
      <Id>e18efd14-b655-46a2-9e05-74a54fc47533</Id>
      <DisplayName>Quantity</DisplayName>
      <ModifiedTime>2014-05-09T21:28:18.8212686Z</ModifiedTime>
      <double>1</double>
      <Scope>
        <Family>ProcessInstanceIn</Family>
        <ControllingItemId>4a183322-d4ba-4562-9bf2-498270d36075</ControllingItemId>
      </Scope>
    </VariableConfiguration>
    <VariableConfiguration xsi:type="NumberVariableConfiguration" xml:space="preserve">
      <Id>01546334-5123-4171-ac68-adee28f4a08f</Id>
      <DisplayName>Index</DisplayName>
      <double>1</double>
      <Scope>
        <Family>ProcessInstanceLocal</Family>
        <ControllingItemId>4a183322-d4ba-4562-9bf2-498270d36075</ControllingItemId>
      </Scope>
    </VariableConfiguration>
    <VariableConfiguration xsi:type="StringVariableConfiguration" xml:space="preserve">
      <Id>37d384e9-831a-407b-9a73-3dfe3695bb21</Id>
      <DisplayName>OpenStackVM FriendlyName</DisplayName>
      <ModifiedTime>2014-01-07T21:56:56.5769418Z</ModifiedTime>
      <string />
      <Scope>
        <Family>ProcessInstanceLocal</Family>
        <ControllingItemId>4a183322-d4ba-4562-9bf2-498270d36075</ControllingItemId>
      </Scope>
    </VariableConfiguration>
    <VariableConfiguration xsi:type="StringVariableConfiguration" xml:space="preserve">
      <Id>c92149fc-a9bd-4b40-99b4-06e7425d9ba0</Id>
      <DisplayName>AmazonEC2 FriendlyName</DisplayName>
      <string />
      <Scope>
        <Family>ProcessInstanceLocal</Family>
        <ControllingItemId>4a183322-d4ba-4562-9bf2-498270d36075</ControllingItemId>
      </Scope>
    </VariableConfiguration>
    <VariableConfiguration xsi:type="StringVariableConfiguration" xml:space="preserve">
      <Id>ab55c29d-39ca-45d6-91ab-cf6123656583</Id>
      <DisplayName>VMCatalogs FriendlyName</DisplayName>
      <string />
      <Scope>
        <Family>ProcessInstanceLocal</Family>
        <ControllingItemId>4a183322-d4ba-4562-9bf2-498270d36075</ControllingItemId>
      </Scope>
    </VariableConfiguration>
    <VariableConfiguration xsi:type="StringVariableConfiguration" xml:space="preserve">
      <Id>0421b7d3-e67b-47d6-a3f0-fe91a7654799</Id>
      <DisplayName>SIBDVirtualMachineVM FriendlyName</DisplayName>
      <string />
      <Scope>
        <Family>ProcessInstanceLocal</Family>
        <ControllingItemId>4a183322-d4ba-4562-9bf2-498270d36075</ControllingItemId>
      </Scope>
    </VariableConfiguration>
    <VariableConfiguration xsi:type="StringVariableConfiguration" xml:space="preserve">
      <Id>c4da13c5-5664-4425-8272-aabc22c747f3</Id>
      <DisplayName>vCloudVMFriendlyName</DisplayName>
      <string />
      <Scope>
        <Family>ProcessInstanceLocal</Family>
        <ControllingItemId>4a183322-d4ba-4562-9bf2-498270d36075</ControllingItemId>
      </Scope>
    </VariableConfiguration>
    <VariableConfiguration xsi:type="EncryptedStringVariableConfiguration" xml:space="preserve">
      <Id>28dcec68-f2da-40a3-9114-189df90926c2</Id>
      <DisplayName>password</DisplayName>
      <EncryptedString>
        <EncryptedForm />
      </EncryptedString>
      <Scope>
        <Family>ProcessInstanceIn</Family>
        <ControllingItemId>4a183322-d4ba-4562-9bf2-498270d36075</ControllingItemId>
      </Scope>
      <ValueRequired>false</ValueRequired>
    </VariableConfiguration>
  </VariableDefinitions>
  <Notes />
  <GeneralHelp xsi:type="CustomHelpAlias">
    <Alias />
  </GeneralHelp>
  <GeneralInstanceHelp xsi:type="CustomHelpAlias">
    <Alias />
  </GeneralInstanceHelp>
  <InputHelp xsi:type="CustomHelpAlias">
    <Alias />
  </InputHelp>
  <InputInstanceHelp xsi:type="CustomHelpAlias">
    <Alias />
  </InputInstanceHelp>
  <OutputHelp xsi:type="CustomHelpAlias">
    <Alias />
  </OutputHelp>
  <ValidTargetTypeNames>
    <string>Tidal.Automation.CloudPortal.Common.CloudPortalServerTargetConfiguration, Tidal.Automation.CloudPortal.Common</string>
  </ValidTargetTypeNames>
  <ValidTargetTypeExtensionIds>
    <guid>c34beb2e-56f6-ab85-bda2-680867014c86</guid>
  </ValidTargetTypeExtensionIds>
  <ValidRuntimeUserTypeNames>
    <string>Tidal.Automation.WebService.Common.ClientCertificateUserConfiguration, Tidal.Automation.WebService.Common</string>
    <string>Tidal.Automation.Ssh.Common.PublicKeyAdminUserConfiguration, Tidal.Automation.Ssh.Common</string>
    <string>Tidal.Automation.Ssh.Common.IOSUserConfiguration, Tidal.Automation.Ssh.Common</string>
    <string>Tidal.Automation.BuiltinAdapter.Common.GenericRuntimeUserConfiguration, Tidal.Automation.BuiltinAdapter.Common</string>
    <string>Tidal.Automation.Snmp.Common.SnmpUserConfiguration, Tidal.Automation.Snmp.Common</string>
    <string>Tidal.Automation.vCloud.Common.Users.vCloudUserConfiguration, Tidal.Automation.vCloud.Common</string>
    <string>Tidal.Automation.Windows.Common.WindowsUserConfiguration, Tidal.Automation.Windows.Common</string>
  </ValidRuntimeUserTypeNames>
</ProcessConfiguration>