<?xml version="1.0"?>
<AutomationPackConfiguration xmlns:xsd="http://www.w3.org/2001/XMLSchema" xmlns:xsi="http://www.w3.org/2001/XMLSchema-instance" xml:space="preserve">
  <Id>cdb9b748-21b2-469b-9d0e-ed9eb2a80627</Id>
  <DisplayName>Intelligent Automation for Cloud Starter</DisplayName>
  <Description>This automation pack contains Orchestrator processes, Portal services and Portal portlets that implement basic IaaS cloud.</Description>
  <VersionNumber>-1</VersionNumber>
  <CreatedTime>2012-02-13T19:35:59.5069768Z</CreatedTime>
  <ModifiedTime>2016-07-29T19:20:50.4603593Z</ModifiedTime>
  <CompanyName>Cisco Systems, Inc.</CompanyName>
  <Version>4.3.2.6</Version>
  <ExportProductVersion>3.2.2.36</ExportProductVersion>
  <PublishDate>2016-06-20T08:24:30.1536328Z</PublishDate>
  <ImportDate>2016-02-15T20:39:19.20775Z</ImportDate>
  <DescriptionUrl />
  <Copyright>Cisco Intelligent Automation for Cloud 4.3.2 © 2016 Cisco Systems, Inc. All rights reserved.</Copyright>
  <ObjectEntries />
  <AutomationPacks>
    <AutomatioPackInfo>
      <Id>fafd42d4-44a6-49cd-a5c1-1ebb7724879d</Id>
      <Company>Cisco Systems, Inc.</Company>
      <DisplayName>Intelligent Automation for Compute</DisplayName>
      <Version>4.3.1.9733</Version>
      <Description>This automation pack contains common Orchestrator processes and objects for cloud infrastructure orchestration.</Description>
    </AutomatioPackInfo>
    <AutomatioPackInfo>
      <Id>4bf83767-bb0c-4235-9537-d06e6299f2ea</Id>
      <Company>Cisco Systems, Inc.</Company>
      <DisplayName>Core</DisplayName>
      <Version>3.2.1.75</Version>
      <Description>This automation pack will import the default content to support other automation packs.</Description>
    </AutomatioPackInfo>
    <AutomatioPackInfo>
      <Id>7635c9c6-cdf3-4df1-b609-e250be8f2efb</Id>
      <Company>Cisco Systems, Inc.</Company>
      <DisplayName>Common Activities</DisplayName>
      <Version>3.2.1.75</Version>
      <Description>This automation pack will import common activities.</Description>
    </AutomatioPackInfo>
    <AutomatioPackInfo>
      <Id>fafd42d4-44a6-49cd-a5c1-1ebb7724879d</Id>
      <Company>Cisco Systems, Inc.</Company>
      <DisplayName>Intelligent Automation for Compute</DisplayName>
      <Version>4.3.2.163</Version>
      <Description>This automation pack contains common Orchestrator processes and objects for cloud infrastructure orchestration.</Description>
    </AutomatioPackInfo>
    <AutomatioPackInfo>
      <Id>4bf83767-bb0c-4235-9537-d06e6299f2ea</Id>
      <Company>Cisco Systems, Inc.</Company>
      <DisplayName>Core</DisplayName>
      <Version>3.2.1.85</Version>
      <Description>This automation pack will import the default content to support other automation packs.</Description>
    </AutomatioPackInfo>
  </AutomationPacks>
  <Adapters>
    <AdapterInfo>
      <Id>042b6e8a-90b1-4518-aa3e-398399e1b195</Id>
      <Company>Cisco</Company>
      <DisplayName>Core Functions Adapter</DisplayName>
      <Version>3.2.1.0</Version>
      <Description>Provides core functionality that is required by the Cisco Process Orchestrator Server.</Description>
    </AdapterInfo>
    <AdapterInfo>
      <Id>c433762b-9ba6-4059-a616-85d8f3f236c3</Id>
      <Company>Cisco</Company>
      <DisplayName>Cisco Prime Service Catalog Adapter</DisplayName>
      <Version>3.2.1.0</Version>
      <Description>Provides activities to access Cisco Prime Service Catalog service items and service requests.</Description>
    </AdapterInfo>
    <AdapterInfo>
      <Id>6ecd5d90-f7b0-40ff-8c06-5c74c165e56c</Id>
      <Company>Cisco</Company>
      <DisplayName>VMware vSphere Adapter</DisplayName>
      <Version>3.2.1.0</Version>
      <Description>Integration with VMware vSphere to allow management of VMware vCenter and ESXi servers.</Description>
    </AdapterInfo>
    <AdapterInfo>
      <Id>7d14cfa1-c747-40c0-a0ff-ffa60460919d</Id>
      <Company>Cisco</Company>
      <DisplayName>Web Service Adapter</DisplayName>
      <Version>3.2.1.0</Version>
      <Description>Provides activity to call Web Service methods.</Description>
    </AdapterInfo>
    <AdapterInfo>
      <Id>e95e2c95-d69e-46f1-baf0-5d1009d7e169</Id>
      <Company>Cisco</Company>
      <DisplayName>Microsoft Windows Adapter</DisplayName>
      <Version>3.2.1.0</Version>
      <Description>Provides access to Windows activities and objects.</Description>
    </AdapterInfo>
    <AdapterInfo>
      <Id>3afd6fb9-07ed-4a91-921e-177b2c044752</Id>
      <Company>Cisco</Company>
      <DisplayName>Cisco UCS Software Adapter</DisplayName>
      <Version>3.2.1.0</Version>
      <Description>Provides activities to automate Cisco Unified Computing System Manager tasks.</Description>
    </AdapterInfo>
    <AdapterInfo>
      <Id>988a25fd-151a-42b2-8bcc-058498155478</Id>
      <Company>Cisco</Company>
      <DisplayName>Cisco UCS Director Adapter</DisplayName>
      <Version>3.2.1.0</Version>
      <Description>Provides access to Cisco UCS Director workflows and operations.</Description>
    </AdapterInfo>
    <AdapterInfo>
      <Id>2c0b61ec-e869-4c75-9e0b-a60f33e2061f</Id>
      <Company>Cisco Systems, Inc.</Company>
      <DisplayName>VMware vCloud Director Adapter</DisplayName>
      <Version>3.2.1.0</Version>
      <Description>Provides activities to integrate with VMware vCloud Director API</Description>
    </AdapterInfo>
    <AdapterInfo>
      <Id>6458928f-0738-4525-92d5-97a675bda758</Id>
      <Company>Cisco</Company>
      <DisplayName>Email Adapter</DisplayName>
      <Version>3.2.1.0</Version>
      <Description>Provides support for sending emails via SMTP and receiving emails via POP3 and IMAP email accounts.</Description>
    </AdapterInfo>
    <AdapterInfo>
      <Id>cee9d27d-289e-4b68-89ce-e2093ee50a0f</Id>
      <Company>Cisco</Company>
      <DisplayName>Terminal Adapter</DisplayName>
      <Version>3.2.1.0</Version>
      <Description>Provides support for executing commands and scripts using SSH and Telnet connections.</Description>
    </AdapterInfo>
  </Adapters>
  <PageEntries>
    <PageEntry>
      <TypeName>Tidal.Automation.WebService.WinForms.CreateDefaultWebTargetTask, Tidal.Automation.WebService.WinForms</TypeName>
      <Parameters>
        <ImportCustomTaskParameter>
          <ParameterName>RuntimeUserId</ParameterName>
          <ParameterValue>cedf70a3-ba00-46b6-b5ae-5ae2241b0b7d</ParameterValue>
        </ImportCustomTaskParameter>
        <ImportCustomTaskParameter>
          <ParameterName>WebTargetId</ParameterName>
          <ParameterValue>ba183b27-04b2-4f17-aa1d-709221bd68f5</ParameterValue>
        </ImportCustomTaskParameter>
      </Parameters>
    </PageEntry>
    <PageEntry>
      <TypeName>Tidal.Automation.WebService.WinForms.CreateDefaultWebTargetTask, Tidal.Automation.WebService.WinForms</TypeName>
      <Parameters>
        <ImportCustomTaskParameter>
          <ParameterName>RuntimeUserId</ParameterName>
          <ParameterValue>cedf70a3-ba00-46b6-b5ae-5ae2241b0b7d</ParameterValue>
        </ImportCustomTaskParameter>
        <ImportCustomTaskParameter>
          <ParameterName>WebTargetId</ParameterName>
          <ParameterValue>7f4f4704-72c2-43c5-8c4c-ea3dda576f3d</ParameterValue>
        </ImportCustomTaskParameter>
      </Parameters>
    </PageEntry>
    <PageEntry>
      <TypeName>Tidal.Automation.CloudPortal.WinForms.CreateDefaultPrimeServiceCatalogServerTask, Tidal.Automation.CloudPortal.WinForms</TypeName>
      <Parameters>
        <ImportCustomTaskParameter>
          <ParameterName>RuntimeUserId</ParameterName>
          <ParameterValue>cedf70a3-ba00-46b6-b5ae-5ae2241b0b7d</ParameterValue>
        </ImportCustomTaskParameter>
        <ImportCustomTaskParameter>
          <ParameterName>CiscoPrimeServiceCatalogServerId</ParameterName>
          <ParameterValue>b3216113-bb0f-4cb3-b7c2-93b9074ef87b</ParameterValue>
        </ImportCustomTaskParameter>
      </Parameters>
    </PageEntry>
    <PageEntry>
      <TypeName>Tidal.Automation.WinForms.ImportAutomationPack.ProcessDatabaseGroomingConfigurationTask,Tidal.Automation.WinForms.Objects</TypeName>
      <Parameters>
        <ImportCustomTaskParameter>
          <ParameterName>SetTaskAuditGroomingValue</ParameterName>
          <ParameterValue>0</ParameterValue>
        </ImportCustomTaskParameter>
        <ImportCustomTaskParameter>
          <ParameterName>SetCompletedTasksGroomingValue</ParameterName>
          <ParameterValue>0</ParameterValue>
        </ImportCustomTaskParameter>
        <ImportCustomTaskParameter>
          <ParameterName>SetProcessInstancesGroomingValue</ParameterName>
          <ParameterValue>2</ParameterValue>
        </ImportCustomTaskParameter>
        <ImportCustomTaskParameter>
          <ParameterName>SetConfigurationAuditGroomingValue</ParameterName>
          <ParameterValue>0</ParameterValue>
        </ImportCustomTaskParameter>
      </Parameters>
    </PageEntry>
    <PageEntry>
      <TypeName>Tidal.Automation.WinForms.ImportAutomationPack.ImportDataExtractionTask, Tidal.Automation.WinForms.Objects</TypeName>
      <Parameters />
    </PageEntry>
  </PageEntries>
  <PrerequisiteEntries />
  <ReplaceUnexportableObject>true</ReplaceUnexportableObject>
  <CommunityAP>false</CommunityAP>
  <ImportCompanyNames />
  <AdapterPrerequisiteIds>
    <guid>6418d3af-588a-4422-ba0e-01c0e5c20d42</guid>
    <guid>925b9015-f111-4f66-81ff-5d4b804c938f</guid>
    <guid>1182c445-3ec6-4ed9-ae42-104162159a23</guid>
    <guid>46bfe78b-c83c-4dca-bcf5-2609eb6b2018</guid>
    <guid>9451aaac-2ce3-403d-af2a-6110621f4a78</guid>
    <guid>50ffcf56-4cc6-4107-8294-2306066777df</guid>
    <guid>1da8b62c-01a5-4482-b251-93ab91cb54fd</guid>
  </AdapterPrerequisiteIds>
  <StyleCheckerIds />
  <AlwaysArchive>false</AlwaysArchive>
  <Patches>
    <AutomationPatchEntry>
      <Id>3b5281ef-51d7-4d1b-950a-decb355c5599</Id>
      <Version>4.3.2.9851</Version>
      <DisplayName>Intelligent Automation for Cloud Starter4.3.2.9851</DisplayName>
      <Description>Cloud Starter Patch for IAC 4.3.2 P2</Description>
      <CreatedTime>2016-07-29T19:19:24.1400706Z</CreatedTime>
      <AppliedTime>0001-01-01T00:00:00</AppliedTime>
      <ObjectReferences>
        <ObjectReferenceInfo>
          <Id>136d149b-68d5-48dd-8a0b-0f57b2687293</Id>
          <ObjectType>Process</ObjectType>
        </ObjectReferenceInfo>
        <ObjectReferenceInfo>
          <Id>9b827381-48cb-4734-9f91-f4cb5c1d8ddf</Id>
          <ObjectType>Workflow</ObjectType>
        </ObjectReferenceInfo>
        <ObjectReferenceInfo>
          <Id>4a183322-d4ba-4562-9bf2-498270d36075</Id>
          <ObjectType>Process</ObjectType>
        </ObjectReferenceInfo>
        <ObjectReferenceInfo>
          <Id>4cf5a923-e4c3-4249-a581-ab63ba99a5f7</Id>
          <ObjectType>Workflow</ObjectType>
        </ObjectReferenceInfo>
      </ObjectReferences>
      <DependentPatches />
    </AutomationPatchEntry>
  </Patches>
</AutomationPackConfiguration>